package_id,version,channel,artifact_mb
app-shell,4.0.0,stable,42
app-shell,4.1.0,stable,45
auth-kit,2.0.0,stable,18
auth-kit,2.1.0,stable,19
auth-kit,3.0.0,stable,24
telemetry-core,1.4.0,stable,20
telemetry-core,1.5.0,stable,21
telemetry-core,2.0.0,stable,28
rule-engine,5.0.0,stable,31
rule-engine,5.1.0,stable,33
rule-engine,5.2.0,canary,34
ui-runtime,3.0.0,stable,27
ui-runtime,3.1.0,stable,29
crypto-lib,1.0.0,stable,9
crypto-lib,1.1.0,stable,10
crypto-lib,2.0.0,stable,13
exporter,2.1.0,stable,17
